,Date,Open,High,Low,Close,P/E,P/B,Div Yield %
4975,2020-01-02,12198.55,12289.9,12195.25,12282.2,28.56,3.79,1.23
4976,2020-01-03,12261.1,12265.6,12191.35,12226.65,28.44,3.77,1.23
4977,2020-01-06,12170.6,12179.1,11974.2,11993.05,27.89,3.7,1.26
4978,2020-01-07,12079.1,12152.15,12005.35,12052.95,28.03,3.72,1.25
4979,2020-01-08,11939.1,12044.95,11929.6,12025.35,27.97,3.71,1.25
4980,2020-01-09,12153.15,12224.05,12132.55,12215.9,28.41,3.77,1.23
4981,2020-01-10,12271.0,12311.2,12213.2,12256.8,28.51,3.78,1.23
4982,2020-01-13,12296.7,12337.75,12285.8,12329.55,28.67,3.8,1.22
4983,2020-01-14,12333.1,12374.25,12308.7,12362.3,28.67,3.81,1.22
4984,2020-01-15,12349.4,12355.15,12278.75,12343.3,28.63,3.81,1.22
4985,2020-01-16,12347.1,12389.05,12315.8,12355.5,28.62,3.68,1.24
4986,2020-01-17,12328.4,12385.45,12321.4,12352.35,28.61,3.67,1.24
4987,2020-01-20,12430.5,12430.5,12216.9,12224.55,28.0,3.63,1.25
4988,2020-01-21,12195.3,12230.05,12162.3,12169.85,27.84,3.45,1.25
4989,2020-01-22,12218.35,12225.05,12087.9,12106.9,27.73,3.42,1.26
4990,2020-01-23,12123.75,12189.0,12094.1,12180.35,27.88,3.43,1.25
4991,2020-01-24,12174.55,12272.15,12149.65,12248.25,28.1,3.45,1.24
4992,2020-01-27,12197.1,12216.6,12107.0,12119.0,27.73,3.42,1.25
4993,2020-01-28,12148.1,12163.55,12024.5,12055.8,26.65,3.4,1.26
4994,2020-01-29,12114.9,12169.6,12103.8,12129.5,26.81,3.42,1.26
4995,2020-01-30,12147.75,12150.3,12010.6,12035.8,26.57,3.39,1.27
4996,2020-01-31,12100.4,12103.55,11945.85,11962.1,26.41,3.37,1.27
4997,2020-02-01,11939.0,12017.35,11633.3,11661.85,25.75,3.28,1.31
4998,2020-02-03,11627.45,11749.85,11614.5,11707.9,25.9,3.3,1.30
4999,2020-02-04,11786.25,11986.15,11783.4,11979.65,26.57,3.37,1.27
5000,2020-02-05,12005.85,12098.15,11953.35,12089.15,27.05,3.4,1.26
5001,2020-02-06,12120.0,12160.6,12084.65,12137.95,27.16,3.42,1.26
5002,2020-02-07,12151.15,12154.7,12073.95,12098.35,27.03,3.41,1.26
5003,2020-02-10,12102.35,12103.55,11990.75,12031.5,26.89,3.39,1.27
5004,2020-02-11,12108.4,12172.3,12099.0,12107.9,27.21,3.41,1.26
5005,2020-02-12,12151.0,12231.75,12144.3,12201.2,27.65,3.44,1.25
5006,2020-02-13,12219.55,12225.65,12139.8,12174.65,27.59,3.43,1.25
5007,2020-02-14,12190.15,12246.7,12091.2,12113.45,27.45,3.41,1.26
5008,2020-02-17,12131.8,12159.6,12037.0,12045.8,27.42,3.39,1.27
5009,2020-02-18,12028.25,12030.75,11908.05,11992.5,27.29,3.38,1.27
5010,2020-02-19,12090.6,12134.7,12042.1,12125.9,27.6,3.41,1.26
5011,2020-02-20,12119.0,12152.0,12071.45,12080.85,27.5,3.4,1.26
5012,2020-02-24,12012.55,12012.55,11813.4,11829.4,26.92,3.33,1.29
5013,2020-02-25,11877.5,11883.05,11779.9,11797.9,26.85,3.32,1.29
5014,2020-02-26,11738.55,11783.25,11639.6,11678.5,26.58,3.29,1.30
5015,2020-02-27,11661.25,11663.85,11536.7,11633.3,26.48,3.27,1.31
5016,2020-02-28,11382.0,11384.8,11175.05,11201.75,25.49,3.15,1.36
5017,2020-03-02,11387.35,11433.0,11036.25,11132.75,25.34,3.13,1.37
5018,2020-03-03,11217.55,11342.25,11152.55,11303.3,25.73,3.18,1.35
5019,2020-03-04,11351.35,11356.6,11082.15,11251.0,25.61,3.17,1.35
5020,2020-03-05,11306.05,11389.5,11244.6,11269.0,25.65,3.17,1.35
5021,2020-03-06,10942.65,11035.1,10827.4,10989.45,25.01,3.09,1.39
5022,2020-03-09,10742.05,10751.55,10294.45,10451.45,23.79,2.94,1.46
5023,2020-03-11,10334.3,10545.1,10334.0,10458.4,23.8,2.94,1.46
5024,2020-03-12,10039.95,10040.75,9508.0,9590.15,21.83,2.7,1.59
5025,2020-03-13,9107.6,10159.4,8555.15,9955.2,22.66,2.8,1.53
5026,2020-03-16,9587.8,9602.2,9165.1,9197.4,20.93,2.59,1.66
5027,2020-03-17,9285.4,9403.8,8915.6,8967.05,20.41,2.52,1.70
5028,2020-03-18,9088.45,9127.55,8407.05,8468.8,19.27,2.38,1.80
5029,2020-03-19,8063.3,8575.45,7832.55,8263.45,18.63,2.36,1.84
5030,2020-03-20,8284.45,8883.0,8178.2,8745.45,19.72,2.49,1.74
5031,2020-03-23,7945.7,8159.25,7583.6,7610.25,17.15,2.17,2.00
5032,2020-03-24,7848.3,8036.95,7511.1,7801.05,17.58,2.22,1.95
5033,2020-03-25,7735.15,8376.75,7714.75,8317.85,18.74,2.37,1.83
5034,2020-03-26,8451.0,8749.05,8304.9,8641.45,19.47,2.46,1.76
5035,2020-03-27,8949.1,9038.9,8522.9,8660.25,19.52,2.47,1.76
5036,2020-03-30,8385.95,8576.0,8244.0,8281.1,18.66,2.36,1.84
5037,2020-03-31,8529.35,8678.3,8358.0,8597.75,19.38,2.45,1.77
5038,2020-04-01,8584.1,8588.1,8198.35,8253.8,18.6,2.35,1.84
5039,2020-04-03,8356.55,8356.55,8055.8,8083.8,18.22,2.3,1.88
5040,2020-04-07,8446.3,8819.4,8360.95,8792.2,19.81,2.51,1.73
5041,2020-04-08,8688.9,9131.7,8653.9,8748.75,19.72,2.49,1.74
5042,2020-04-09,8973.05,9128.35,8904.55,9111.9,20.53,2.6,1.67
5043,2020-04-13,9103.95,9112.05,8912.4,8993.85,20.27,2.56,1.69
5044,2020-04-15,9196.4,9261.2,8874.1,8925.3,20.11,2.54,1.70
5045,2020-04-16,8851.25,9053.75,8821.9,8992.8,20.25,2.56,1.69
5046,2020-04-17,9323.45,9324.0,9091.35,9266.75,20.85,2.64,1.64
5047,2020-04-20,9390.2,9390.85,9230.8,9261.85,20.75,2.64,1.64
5048,2020-04-21,9016.95,9044.4,8909.4,8981.45,20.1,2.56,1.69
5049,2020-04-22,9026.75,9209.75,8946.25,9187.3,20.56,2.62,1.66
5050,2020-04-23,9232.35,9343.6,9170.15,9313.9,20.84,2.65,1.63
5051,2020-04-24,9163.9,9296.9,9141.3,9154.4,20.48,2.61,1.66
5052,2020-04-27,9259.7,9377.1,9250.35,9282.3,20.77,2.65,1.64
5053,2020-04-28,9389.8,9404.4,9260.0,9380.9,21.0,2.67,1.62
5054,2020-04-29,9408.6,9599.85,9392.35,9553.35,21.65,2.72,1.59
5055,2020-04-30,9753.5,9889.05,9731.5,9859.9,22.35,2.81,1.54
5056,2020-05-04,9533.5,9533.5,9266.95,9293.5,21.39,2.65,1.64
5057,2020-05-05,9429.4,9450.9,9190.75,9205.6,21.19,2.62,1.65
5058,2020-05-06,9226.8,9346.9,9116.5,9270.9,21.34,2.64,1.64
5059,2020-05-07,9234.05,9277.85,9175.9,9199.05,21.18,2.62,1.65
5060,2020-05-08,9376.95,9382.65,9238.2,9251.5,21.28,2.64,1.64
5061,2020-05-11,9348.15,9439.9,9219.95,9239.2,21.21,2.63,1.65
5062,2020-05-12,9168.85,9240.85,9043.95,9196.55,21.11,2.62,1.65
5063,2020-05-13,9584.2,9584.5,9351.1,9383.55,21.51,2.67,1.62
5064,2020-05-14,9213.95,9281.1,9119.75,9142.75,21.0,2.6,1.67
5065,2020-05-15,9182.4,9182.4,9050.0,9136.85,20.98,2.6,1.67
5066,2020-05-18,9158.3,9158.3,8806.75,8823.25,20.26,2.51,1.73
5067,2020-05-19,8961.7,9030.35,8855.3,8879.1,20.39,2.53,1.72
5068,2020-05-20,8889.15,9093.8,8875.35,9066.55,21.16,2.58,1.68
5069,2020-05-21,9079.45,9178.55,9056.1,9106.25,21.14,2.59,1.67
5070,2020-05-22,9067.9,9149.6,8968.55,9039.25,20.97,2.57,1.69
5071,2020-05-26,9099.75,9161.65,8996.65,9029.05,21.1,2.57,1.69
5072,2020-05-27,9082.2,9334.0,9004.25,9314.95,21.77,2.65,1.64
5073,2020-05-28,9364.95,9511.25,9336.5,9490.1,22.17,2.7,1.61
5074,2020-05-29,9422.2,9598.85,9376.9,9580.3,22.38,2.73,1.59
5075,2020-06-01,9726.85,9931.6,9706.95,9826.15,22.96,2.8,1.55
5076,2020-06-02,9880.85,9995.6,9824.05,9979.1,23.31,2.84,1.53
5077,2020-06-03,10108.3,10176.2,10035.55,10061.55,23.5,2.86,1.51
5078,2020-06-04,10054.25,10123.85,9944.25,10029.1,23.42,2.85,1.52
5079,2020-06-05,10093.8,10177.8,10040.75,10142.15,23.91,2.89,1.50
5080,2020-06-08,10326.75,10328.5,10120.25,10167.45,23.97,2.89,1.50
5081,2020-06-09,10181.15,10291.15,10021.45,10046.65,24.25,2.86,1.52
5082,2020-06-10,10072.6,10148.75,10036.85,10116.15,24.41,2.88,1.51
5083,2020-06-11,10094.1,10112.05,9885.05,9902.0,23.9,2.82,1.54
5084,2020-06-12,9544.95,9996.05,9544.35,9972.9,24.08,2.84,1.53
5085,2020-06-15,9919.35,9943.35,9726.35,9813.7,23.69,2.79,1.55
5086,2020-06-16,10014.8,10046.15,9728.5,9914.0,24.31,2.82,1.54
5087,2020-06-17,9876.7,10003.6,9833.8,9881.15,24.59,2.81,1.54
5088,2020-06-18,9863.25,10111.2,9845.05,10091.65,25.11,2.87,1.51
5089,2020-06-19,10119.0,10272.4,10072.65,10244.4,25.49,2.92,1.49
5090,2020-06-22,10318.75,10393.65,10277.6,10311.2,25.66,2.94,1.48
5091,2020-06-23,10347.95,10484.7,10301.75,10471.0,26.05,2.98,1.45
5092,2020-06-24,10529.25,10553.15,10281.95,10305.3,25.63,2.93,1.48
5093,2020-06-25,10235.55,10361.8,10194.5,10288.9,25.59,2.93,1.48
5094,2020-06-26,10378.9,10409.85,10311.25,10383.0,26.67,2.97,1.54
5095,2020-06-29,10311.95,10337.95,10223.6,10312.4,26.49,2.95,1.55
5096,2020-06-30,10382.6,10401.05,10267.35,10302.1,26.32,2.94,1.55
5097,2020-07-01,10323.8,10447.05,10299.6,10430.05,26.97,2.98,1.54
5098,2020-07-02,10493.05,10598.2,10485.55,10551.7,27.63,3.01,1.52
5099,2020-07-03,10614.95,10631.3,10562.65,10607.35,27.78,3.03,1.51
5100,2020-07-06,10723.85,10811.4,10695.1,10763.65,28.13,3.07,1.49
5101,2020-07-07,10802.85,10813.8,10689.7,10799.65,28.22,3.08,1.49
5102,2020-07-08,10818.65,10847.85,10676.55,10705.75,27.98,3.05,1.50
5103,2020-07-09,10755.55,10836.85,10733.0,10813.45,28.26,3.08,1.48
5104,2020-07-10,10764.1,10819.4,10713.0,10768.05,28.27,3.07,1.49
5105,2020-07-13,10851.85,10894.05,10756.05,10802.7,28.36,3.08,1.49
5106,2020-07-14,10750.85,10755.65,10562.9,10607.35,27.85,3.02,1.51
5107,2020-07-15,10701.0,10827.45,10577.75,10618.2,27.88,3.03,1.51
5108,2020-07-16,10706.2,10755.3,10595.2,10739.95,28.19,3.06,1.49
5109,2020-07-17,10752.0,10933.45,10749.65,10901.7,28.55,3.11,1.47
5110,2020-07-20,10999.45,11037.9,10953.0,11022.2,28.86,3.14,1.46
5111,2020-07-21,11126.1,11179.55,11113.25,11162.25,29.01,3.18,1.44
5112,2020-07-22,11231.2,11238.1,11056.55,11132.6,28.93,3.17,1.44
5113,2020-07-23,11135.0,11239.8,11103.15,11215.45,29.2,3.2,1.43
5114,2020-07-24,11149.95,11225.4,11090.3,11194.15,29.35,3.19,1.43
5115,2020-07-27,11225.0,11225.0,11087.85,11131.8,29.18,3.17,1.44
5116,2020-07-28,11154.1,11317.75,11151.4,11300.55,29.87,3.14,1.49
5117,2020-07-29,11276.9,11341.4,11149.75,11202.85,29.59,3.1,1.54
5118,2020-07-30,11254.3,11299.95,11084.95,11102.15,29.46,3.07,1.56
5119,2020-07-31,11139.5,11150.4,11026.65,11073.45,30.2,3.12,1.49
5120,2020-08-03,11057.55,11058.05,10882.25,10891.6,29.7,3.07,1.51
5121,2020-08-04,10946.65,11112.25,10908.1,11095.25,30.39,3.12,1.49
5122,2020-08-05,11155.75,11225.65,11064.05,11101.65,30.41,3.13,1.48
5123,2020-08-06,11185.7,11256.8,11127.3,11200.15,30.68,3.15,1.47
5124,2020-08-07,11186.65,11231.9,11142.05,11214.05,30.72,3.16,1.47
5125,2020-08-10,11270.25,11337.3,11238.0,11270.15,31.23,3.17,1.46
5126,2020-08-11,11322.25,11373.6,11299.15,11322.5,31.37,3.19,1.46
5127,2020-08-12,11289.0,11322.0,11242.65,11308.4,31.33,3.18,1.46
5128,2020-08-13,11334.85,11359.3,11269.95,11300.45,31.42,3.18,1.46
5129,2020-08-14,11353.3,11366.25,11111.45,11178.4,31.09,3.15,1.47
5130,2020-08-17,11248.9,11267.1,11144.5,11247.1,31.64,3.17,1.46
5131,2020-08-18,11259.8,11401.7,11253.15,11385.35,32.03,3.21,1.45
5132,2020-08-19,11452.15,11460.35,11394.1,11408.4,32.09,3.21,1.44
5133,2020-08-20,11317.45,11361.45,11289.8,11312.2,31.91,3.17,1.49
5134,2020-08-21,11409.65,11418.5,11362.2,11371.6,32.08,3.18,1.47
5135,2020-08-24,11412.0,11497.25,11410.65,11466.45,32.41,3.21,1.46
5136,2020-08-25,11513.1,11525.9,11423.35,11472.25,32.43,3.21,1.46
5137,2020-08-26,11512.85,11561.75,11461.85,11549.6,32.64,3.23,1.45
5138,2020-08-27,11609.3,11617.35,11540.6,11559.25,32.67,3.23,1.45
5139,2020-08-28,11602.95,11686.05,11589.4,11647.6,32.92,3.26,1.43
5140,2020-08-31,11777.55,11794.25,11325.85,11387.5,32.29,3.2,1.46
5141,2020-09-01,11464.3,11553.55,11366.9,11470.25,32.53,3.22,1.45
5142,2020-09-02,11478.55,11554.75,11430.4,11535.0,32.71,3.24,1.44
5143,2020-09-03,11566.2,11584.95,11507.65,11527.45,33.04,3.24,1.45
5144,2020-09-04,11354.4,11452.05,11303.65,11333.85,32.49,3.18,1.48
5145,2020-09-07,11359.6,11381.15,11251.7,11355.05,32.55,3.19,1.48
5146,2020-09-08,11378.55,11437.25,11290.45,11317.35,32.44,3.18,1.48
5147,2020-09-09,11218.6,11298.15,11185.15,11278.0,32.33,3.17,1.49
5148,2020-09-10,11363.3,11464.05,11327.4,11449.25,32.82,3.22,1.46
5149,2020-09-11,11447.8,11493.5,11419.9,11464.45,32.86,3.22,1.46
5150,2020-09-14,11540.15,11568.9,11383.55,11440.05,32.79,3.21,1.47
5151,2020-09-15,11487.2,11535.95,11442.25,11521.8,33.03,3.2,1.42
5152,2020-09-16,11538.45,11618.1,11516.75,11604.55,33.26,3.23,1.41
5153,2020-09-17,11539.4,11587.2,11498.5,11516.1,33.01,3.2,1.42
5154,2020-09-18,11584.1,11584.1,11446.1,11504.95,32.98,3.2,1.42
5155,2020-09-21,11503.8,11535.25,11218.5,11250.55,32.25,3.13,1.45
5156,2020-09-22,11301.75,11302.2,11084.65,11153.65,31.97,3.1,1.47
5157,2020-09-23,11258.75,11259.55,11024.4,11131.85,31.91,3.1,1.47
5158,2020-09-24,11011.0,11015.3,10790.2,10805.55,30.97,3.01,1.51
5159,2020-09-25,10910.4,11072.6,10854.85,11050.25,32.12,3.13,1.44
5160,2020-09-28,11140.85,11239.35,11099.85,11227.55,32.63,3.18,1.41
5161,2020-09-29,11288.6,11305.4,11181.0,11222.4,32.62,3.18,1.42
5162,2020-09-30,11244.45,11295.4,11184.55,11247.55,32.69,3.19,1.41
5163,2020-10-01,11364.45,11428.6,11347.05,11416.95,33.18,3.23,1.39
5164,2020-10-05,11487.8,11578.05,11452.3,11503.35,33.43,3.26,1.38
5165,2020-10-06,11603.45,11680.3,11564.3,11662.4,33.9,3.3,1.36
5166,2020-10-07,11679.25,11763.05,11629.35,11738.85,34.12,3.32,1.35
5167,2020-10-08,11835.4,11905.7,11791.15,11834.6,34.4,3.35,1.34
5168,2020-10-09,11852.05,11938.6,11805.2,11914.2,34.71,3.37,1.33
5169,2020-10-12,11973.55,12022.05,11867.2,11930.95,34.76,3.38,1.33
5170,2020-10-13,11934.65,11988.2,11888.9,11934.5,34.77,3.38,1.33
5171,2020-10-14,11917.4,11997.2,11822.15,11971.05,34.87,3.39,1.33
5172,2020-10-15,12023.45,12025.45,11661.3,11680.35,34.03,3.31,1.36
5173,2020-10-16,11727.4,11789.75,11667.85,11762.45,34.13,3.33,1.35
5174,2020-10-19,11879.2,11898.25,11820.4,11873.05,34.43,3.36,1.34
5175,2020-10-20,11861.0,11949.25,11837.25,11896.8,34.28,3.37,1.33
5176,2020-10-21,11958.55,12018.65,11775.75,11937.65,34.4,3.38,1.33
5177,2020-10-22,11890.0,11939.55,11823.45,11896.45,34.27,3.37,1.33
5178,2020-10-23,11957.9,11974.55,11908.75,11930.35,34.37,3.38,1.33
5179,2020-10-26,11937.4,11942.85,11711.7,11767.75,33.95,3.33,1.35
5180,2020-10-27,11807.1,11899.05,11723.0,11889.4,34.49,3.37,1.34
5181,2020-10-28,11922.6,11929.4,11684.85,11729.6,33.94,3.32,1.35
5182,2020-10-29,11633.3,11744.15,11606.45,11670.8,31.56,3.3,1.36
5183,2020-10-30,11678.45,11748.95,11535.45,11642.4,31.9,3.3,1.36
5184,2020-11-02,11697.35,11725.65,11557.4,11669.15,31.43,3.3,1.36
5185,2020-11-03,11734.45,11836.2,11723.3,11813.5,31.82,3.34,1.34
5186,2020-11-04,11783.35,11929.65,11756.4,11908.5,32.27,3.37,1.33
5187,2020-11-05,12062.4,12131.1,12027.6,12120.3,32.84,3.43,1.31
5188,2020-11-06,12156.65,12280.4,12131.85,12263.55,33.09,3.47,1.29
5189,2020-11-09,12399.4,12474.05,12367.35,12461.05,33.62,3.53,1.27
5190,2020-11-10,12556.4,12643.9,12475.25,12631.1,34.18,3.58,1.26
5191,2020-11-11,12680.6,12769.75,12571.1,12749.15,34.5,3.61,1.25
5192,2020-11-12,12702.15,12741.15,12624.85,12690.8,34.48,3.59,1.25
5193,2020-11-13,12659.7,12735.95,12607.7,12719.95,34.57,3.6,1.25
5194,2020-11-14,12823.35,12828.7,12749.45,12780.25,34.73,3.62,1.24
5195,2020-11-17,12932.5,12934.05,12797.1,12874.2,34.93,3.64,1.23
5196,2020-11-18,12860.1,12948.85,12819.35,12938.25,35.59,3.66,1.23
5197,2020-11-19,12839.5,12963.0,12745.75,12771.7,35.12,3.61,1.24
5198,2020-11-20,12813.4,12892.45,12730.25,12859.05,35.36,3.64,1.23
5199,2020-11-23,12960.3,12968.85,12825.7,12926.45,35.55,3.66,1.23
5200,2020-11-24,13002.6,13079.1,12978.0,13055.15,35.9,3.7,1.22
5201,2020-11-25,13130.0,13145.85,12833.65,12858.4,35.36,3.64,1.23
5202,2020-11-26,12906.45,13018.0,12790.4,12987.0,35.71,3.68,1.22
5203,2020-11-27,13012.05,13035.3,12914.3,12968.95,35.66,3.67,1.22
5204,2020-12-01,13062.2,13128.4,12962.8,13109.05,36.05,3.71,1.21
5205,2020-12-02,13121.4,13128.5,12983.55,13113.75,36.06,3.71,1.21
5206,2020-12-03,13215.3,13216.6,13107.9,13133.9,36.12,3.72,1.21
5207,2020-12-04,13177.4,13280.05,13152.85,13258.55,36.46,3.75,1.20
5208,2020-12-07,13264.85,13366.65,13241.95,13355.75,36.73,3.78,1.19
5209,2020-12-08,13393.85,13435.45,13311.05,13392.95,36.83,3.79,1.19
5210,2020-12-09,13458.1,13548.9,13449.6,13529.1,37.2,3.83,1.17
5211,2020-12-10,13488.5,13503.55,13399.3,13478.3,37.06,3.81,1.18
5212,2020-12-11,13512.3,13579.35,13402.85,13513.85,37.16,3.82,1.18
5213,2020-12-14,13571.45,13597.5,13472.45,13558.15,37.28,3.84,1.17
5214,2020-12-15,13547.2,13589.65,13447.05,13567.85,37.31,3.84,1.17
5215,2020-12-16,13663.1,13692.35,13606.45,13682.7,37.63,3.87,1.16
5216,2020-12-17,13713.55,13773.25,13673.55,13740.7,37.79,3.89,1.16
5217,2020-12-18,13764.4,13772.85,13658.6,13760.55,37.84,3.89,1.15
5218,2020-12-21,13741.9,13777.5,13131.45,13328.4,36.65,3.77,1.19
5219,2020-12-22,13373.65,13492.05,13192.9,13466.3,37.03,3.81,1.18
5220,2020-12-23,13473.5,13619.45,13432.2,13601.1,37.4,3.85,1.17
5221,2020-12-24,13672.15,13771.75,13626.9,13749.25,37.81,3.89,1.15
5222,2020-12-28,13815.15,13885.3,13811.55,13873.2,38.15,3.93,1.14
5223,2020-12-29,13910.35,13967.6,13859.9,13932.6,38.31,3.94,1.14
5224,2020-12-30,13980.9,13997.0,13864.95,13981.95,38.45,3.96,1.14
5225,2020-12-31,13970.0,14024.85,13936.45,13981.75,38.45,3.96,1.14
5226,2021-01-01,13996.1,14049.85,13991.35,14018.5,38.55,3.97,1.13
5227,2021-01-04,14104.35,14147.95,13953.75,14132.9,38.87,4.01,1.12
5228,2021-01-05,14075.15,14215.6,14048.15,14199.5,39.05,4.02,1.12
5229,2021-01-06,14240.95,14244.15,14039.9,14146.25,38.9,4.01,1.12
5230,2021-01-07,14253.75,14256.25,14123.1,14137.35,38.88,4.01,1.12
5231,2021-01-08,14258.4,14367.3,14221.65,14347.25,39.45,4.07,1.11
5232,2021-01-11,14474.05,14498.2,14383.1,14484.75,39.72,4.1,1.10
5233,2021-01-12,14473.8,14590.65,14432.85,14563.45,39.94,4.13,1.09
5234,2021-01-13,14639.8,14653.35,14435.7,14564.85,39.94,4.13,1.09
5235,2021-01-14,14550.05,14617.8,14471.5,14595.6,40.03,4.14,1.09
5236,2021-01-15,14594.35,14617.45,14357.85,14433.7,39.34,4.09,1.10
5237,2021-01-18,14453.3,14459.15,14222.8,14281.3,38.92,4.05,1.11
5238,2021-01-19,14371.65,14546.05,14350.85,14521.15,39.22,4.12,1.09
5239,2021-01-20,14538.3,14666.45,14517.55,14644.7,39.55,4.15,1.08
5240,2021-01-21,14730.95,14753.55,14517.25,14590.35,39.41,4.13,1.09
5241,2021-01-22,14583.4,14619.9,14357.75,14371.9,38.86,4.07,1.10
5242,2021-01-25,14477.8,14491.1,14218.6,14238.9,38.42,4.04,1.11
5243,2021-01-27,14237.95,14237.95,13929.3,13967.5,37.52,3.96,1.14
5244,2021-01-28,13810.4,13898.25,13713.25,13817.55,36.96,3.92,1.15
5245,2021-01-29,13946.6,13966.85,13596.75,13634.6,36.57,3.86,1.16
5246,2021-02-01,13758.6,14336.35,13661.75,14281.2,38.26,4.05,1.11
5247,2021-02-02,14481.1,14731.7,14469.15,14647.85,38.79,4.15,1.08
5248,2021-02-03,14754.9,14868.85,14574.15,14789.95,39.16,4.19,1.07
5249,2021-02-04,14789.05,14913.7,14714.75,14895.65,40.81,4.22,1.07
5250,2021-02-05,14952.6,15014.65,14864.75,14924.25,41.46,4.23,1.06
5251,2021-02-08,15064.3,15159.9,15041.05,15115.8,42.0,4.28,1.05
5252,2021-02-09,15164.15,15257.1,15064.3,15109.3,41.97,4.28,1.05
5253,2021-02-10,15119.05,15168.25,14977.2,15106.5,41.81,4.28,1.05
5254,2021-02-11,15073.25,15188.5,15065.4,15173.3,41.65,4.3,1.05
5255,2021-02-12,15186.2,15243.5,15081.0,15163.3,41.58,4.3,1.05
5256,2021-02-15,15270.3,15340.15,15243.4,15314.7,41.59,4.34,1.04
5257,2021-02-16,15371.45,15431.75,15242.2,15313.45,41.78,4.34,1.04
5258,2021-02-17,15279.9,15314.3,15170.75,15208.9,41.49,4.31,1.04
5259,2021-02-18,15238.7,15250.75,15078.05,15118.95,41.26,4.28,1.05
5260,2021-02-19,15074.8,15144.05,14898.2,14981.75,40.88,4.24,1.06
5261,2021-02-22,14999.05,15010.1,14635.05,14675.7,40.05,4.16,1.08
5262,2021-02-23,14782.25,14854.5,14651.85,14707.8,40.14,4.17,1.08
5263,2021-02-24,14729.15,15008.8,14723.05,14982.0,40.88,4.24,1.06
5264,2021-02-25,15079.85,15176.5,15065.35,15097.35,41.2,4.28,1.05
5265,2021-02-26,14888.6,14919.45,14467.75,14529.15,39.65,4.12,1.09
5266,2021-03-01,14702.5,14806.8,14638.55,14761.55,40.28,4.18,1.08
5267,2021-03-02,14865.3,14959.1,14760.8,14919.1,40.71,4.23,1.06
5268,2021-03-03,15064.4,15273.15,14995.8,15245.6,41.6,4.32,1.04
5269,2021-03-04,15026.75,15202.35,14980.2,15080.75,41.15,4.27,1.05
5270,2021-03-05,14977.95,15092.35,14862.1,14938.1,40.76,4.23,1.06
5271,2021-03-08,15002.45,15111.15,14919.9,14956.2,40.74,4.24,-
5272,2021-03-09,15049.9,15126.85,14925.45,15098.4,41.12,4.28,1.05
5273,2021-03-10,15202.15,15218.45,15100.85,15174.8,41.33,4.3,1.05
5274,2021-03-12,15321.15,15336.3,14953.6,15030.95,40.94,4.26,1.06
5275,2021-03-15,15048.4,15048.4,14745.85,14929.5,40.66,4.23,1.06
5276,2021-03-16,14996.1,15051.6,14890.65,14910.45,40.61,4.23,1.07
5277,2021-03-17,14946.55,14956.55,14696.05,14721.3,40.1,4.17,1.08
5278,2021-03-18,14855.5,14875.2,14478.6,14557.85,39.65,4.13,1.09
5279,2021-03-19,14471.15,14788.25,14350.1,14744.0,40.16,4.18,1.08
5280,2021-03-22,14736.3,14763.9,14597.85,14736.4,40.14,4.18,1.08
5281,2021-03-23,14768.55,14878.6,14707.0,14814.75,40.35,4.2,1.07
5282,2021-03-24,14712.45,14752.35,14535.0,14549.4,39.63,4.12,1.09
5283,2021-03-25,14570.9,14575.6,14264.4,14324.9,39.02,4.06,1.11
5284,2021-03-26,14506.3,14572.9,14414.25,14507.3,39.51,4.11,1.09
5285,2021-03-30,14628.5,14876.3,14617.6,14845.1,40.43,4.21,1.07
5286,2021-03-31,14811.85,14813.75,14670.25,14690.7,33.2,4.2,0.96
5287,2021-04-01,14798.4,14883.2,14692.45,14867.35,33.6,4.25,0.95
5288,2021-04-05,14837.7,14849.85,14459.5,14637.8,33.08,4.19,0.97
5289,2021-04-06,14737.0,14779.1,14573.9,14683.5,33.18,4.2,0.96
5290,2021-04-07,14716.45,14879.8,14649.85,14819.05,33.49,4.24,0.95
5291,2021-04-08,14875.65,14984.15,14821.1,14873.8,33.61,4.25,0.96
5292,2021-04-09,14882.65,14918.45,14785.65,14834.85,33.53,4.24,0.97
5293,2021-04-12,14644.65,14652.5,14248.7,14310.8,32.34,4.09,1.00
5294,2021-04-13,14364.9,14528.9,14274.9,14504.8,32.72,4.15,0.99
5295,2021-04-15,14522.4,14597.55,14353.2,14581.45,32.78,4.17,0.98
5296,2021-04-16,14599.6,14697.7,14559.0,14617.85,32.84,4.18,0.98
5297,2021-04-19,14306.6,14382.3,14191.4,14359.45,32.12,4.11,1.00
5298,2021-04-20,14526.7,14526.95,14207.3,14296.4,31.97,4.09,1.00
5299,2021-04-22,14219.15,14424.75,14151.4,14406.15,32.22,4.12,0.99
5300,2021-04-23,14326.35,14461.15,14273.3,14341.35,32.07,4.11,1.00
5301,2021-04-26,14449.45,14557.5,14421.3,14485.0,32.39,4.15,0.99
5302,2021-04-27,14493.8,14667.55,14484.85,14653.05,32.28,4.2,0.98
5303,2021-04-28,14710.5,14890.25,14694.95,14864.55,32.72,4.26,0.96
5304,2021-04-29,14979.0,15044.35,14814.45,14894.9,32.79,4.26,0.99
5305,2021-04-30,14747.35,14855.45,14601.7,14631.1,32.21,4.19,1.00
5306,2021-05-03,14481.05,14673.85,14416.25,14634.15,31.54,4.19,1.00
5307,2021-05-04,14687.25,14723.4,14461.5,14496.5,30.47,4.15,1.01
5308,2021-05-05,14604.15,14637.9,14506.6,14617.85,30.65,4.19,1.00
5309,2021-05-06,14668.35,14743.9,14611.5,14724.8,30.82,4.22,1.00
5310,2021-05-07,14816.85,14863.05,14765.5,14823.15,30.23,4.24,0.99
5311,2021-05-10,14928.25,14966.9,14892.5,14942.35,30.43,4.28,0.98
5312,2021-05-11,14789.7,14900.0,14771.4,14850.75,30.14,4.25,0.99
5313,2021-05-12,14823.55,14824.05,14649.7,14696.5,29.83,4.21,1.00
5314,2021-05-14,14749.4,14749.65,14591.9,14677.8,29.79,4.2,1.00
5315,2021-05-17,14756.25,14938.0,14725.35,14923.15,30.2,4.27,0.98
5316,2021-05-18,15067.2,15137.25,15043.7,15108.1,30.53,4.33,0.97
5317,2021-05-19,15058.6,15133.4,15008.85,15030.15,29.98,4.3,0.98
5318,2021-05-20,15042.6,15069.8,14884.9,14906.05,29.59,4.27,0.99
5319,2021-05-21,14987.8,15190.0,14985.85,15175.3,29.48,4.34,0.97
5320,2021-05-24,15211.35,15256.25,15145.45,15197.7,29.52,4.35,0.97
5321,2021-05-25,15291.75,15293.85,15163.4,15208.45,29.25,4.35,1.00
5322,2021-05-26,15257.05,15319.9,15194.95,15301.45,29.41,4.38,0.99
5323,2021-05-27,15323.95,15384.55,15272.5,15337.85,29.48,4.39,0.99
5324,2021-05-28,15421.2,15469.65,15394.75,15435.65,28.98,4.42,0.98
5325,2021-05-31,15437.75,15606.35,15374.0,15582.8,29.22,4.39,1.06
5326,2021-06-01,15629.65,15660.75,15528.3,15574.85,28.87,4.39,1.07
5327,2021-06-02,15520.35,15597.45,15459.85,15576.2,28.88,4.39,1.06
5328,2021-06-03,15655.55,15705.1,15611.0,15690.35,29.1,4.43,1.07
5329,2021-06-04,15712.5,15733.6,15622.35,15670.25,29.06,4.42,1.07
5330,2021-06-07,15725.1,15773.45,15678.1,15751.65,29.21,4.44,1.07
5331,2021-06-08,15773.9,15778.8,15680.0,15740.1,29.19,4.44,1.07
5332,2021-06-09,15766.3,15800.45,15566.9,15635.35,28.99,4.41,1.07
5333,2021-06-10,15692.1,15751.25,15648.5,15737.75,29.18,4.44,1.15
5334,2021-06-11,15796.45,15835.55,15749.8,15799.35,29.3,4.46,1.18
5335,2021-06-14,15791.4,15823.05,15606.5,15811.85,29.32,4.46,1.20
5336,2021-06-15,15866.95,15901.6,15842.4,15869.25,29.43,4.48,1.20
5337,2021-06-16,15847.5,15880.85,15742.6,15767.55,29.24,4.45,1.20
5338,2021-06-17,15648.3,15769.35,15616.75,15691.4,29.1,4.43,1.24
5339,2021-06-18,15756.5,15761.5,15450.9,15683.35,29.08,4.32,1.24
5340,2021-06-21,15525.85,15765.15,15505.65,15746.5,29.19,4.31,1.22
5341,2021-06-22,15840.5,15895.75,15752.1,15772.75,29.05,4.32,1.21
5342,2021-06-23,15862.8,15862.95,15673.95,15686.95,28.89,4.3,1.22
5343,2021-06-24,15737.3,15821.4,15702.7,15790.45,29.08,4.32,1.22
5344,2021-06-25,15839.35,15870.8,15772.3,15860.35,29.21,4.34,1.21
5345,2021-06-28,15915.35,15915.65,15792.15,15814.7,29.12,4.33,1.22
5346,2021-06-29,15807.5,15835.9,15724.05,15748.45,29.0,4.31,1.26
5347,2021-06-30,15776.9,15839.1,15708.75,15721.5,28.33,4.24,1.26
5348,2021-07-01,15755.05,15755.55,15667.05,15680.0,28.26,4.23,1.27
5349,2021-07-02,15705.85,15738.35,15635.95,15722.2,28.33,4.24,1.23
5350,2021-07-05,15793.4,15845.95,15762.05,15834.35,28.53,4.27,1.23
5351,2021-07-06,15813.75,15914.2,15801.0,15818.25,28.5,4.26,1.10
5352,2021-07-07,15819.6,15893.55,15779.7,15879.65,28.62,4.28,1.10
5353,2021-07-08,15855.4,15885.75,15682.9,15727.9,28.34,4.24,1.14
5354,2021-07-09,15688.25,15730.85,15632.75,15689.8,28.27,4.23,1.09
5355,2021-07-12,15766.8,15789.2,15644.75,15692.6,28.21,4.23,1.09
5356,2021-07-13,15794.0,15820.8,15744.6,15812.35,28.43,4.26,1.08
5357,2021-07-14,15808.7,15877.35,15764.2,15853.95,28.5,4.27,1.09
5358,2021-07-15,15872.15,15952.35,15855.0,15924.2,28.63,4.29,1.10
5359,2021-07-16,15958.35,15962.25,15882.6,15923.4,28.53,4.29,1.09
5360,2021-07-19,15754.5,15836.9,15707.5,15752.4,28.23,4.25,1.11
5361,2021-07-20,15703.95,15728.45,15578.55,15632.1,27.89,4.21,1.11
5362,2021-07-22,15736.6,15834.8,15726.4,15824.05,28.22,4.26,1.11
5363,2021-07-23,15856.8,15899.8,15768.4,15856.05,28.28,4.16,1.13
5364,2021-07-26,15849.3,15893.35,15797.0,15824.45,28.13,4.13,1.13
5365,2021-07-27,15860.5,15881.55,15701.0,15746.45,27.45,4.11,1.14
5366,2021-07-28,15761.55,15767.5,15513.45,15709.4,26.98,4.1,1.18
5367,2021-07-29,15762.7,15817.35,15737.8,15778.45,27.08,4.12,1.19
5368,2021-07-30,15800.6,15862.8,15744.85,15763.05,27.01,4.12,1.18
5369,2021-08-02,15874.9,15892.9,15834.65,15885.15,27.21,4.15,1.17
5370,2021-08-03,15951.55,16146.9,15914.35,16130.75,27.31,4.21,1.15
5371,2021-08-04,16195.25,16290.2,16176.15,16258.8,27.39,4.25,1.14
5372,2021-08-05,16288.95,16349.45,16210.3,16294.6,26.72,4.25,1.14
5373,2021-08-06,16304.4,16336.75,16223.3,16238.2,26.51,4.24,1.13
5374,2021-08-09,16281.35,16320.75,16179.05,16258.25,26.53,4.25,1.13
5375,2021-08-10,16274.8,16359.25,16202.25,16280.1,26.35,4.24,1.13
5376,2021-08-11,16327.3,16338.75,16162.55,16282.25,26.34,4.24,1.13
5377,2021-08-12,16303.65,16375.5,16286.9,16364.4,26.25,4.26,1.14
5378,2021-08-13,16385.7,16543.6,16376.3,16529.1,26.51,4.3,1.10
5379,2021-08-16,16518.4,16589.4,16480.75,16563.05,25.62,4.31,1.10
5380,2021-08-17,16545.25,16628.55,16495.4,16614.6,25.46,4.21,1.10
5381,2021-08-18,16691.95,16701.85,16535.85,16568.85,25.39,4.19,1.10
5382,2021-08-20,16382.5,16509.55,16376.05,16450.5,25.21,4.16,1.11
5383,2021-08-23,16592.25,16592.5,16395.7,16496.45,25.28,4.18,1.11
5384,2021-08-24,16561.4,16647.1,16495.3,16624.6,25.47,4.21,1.10
5385,2021-08-25,16654.0,16712.45,16617.5,16634.65,25.49,4.21,1.10
5386,2021-08-26,16627.95,16683.7,16603.4,16636.9,25.49,4.21,1.08
5387,2021-08-27,16642.55,16722.05,16565.6,16705.2,25.6,4.23,1.08
5388,2021-08-30,16775.85,16951.5,16764.85,16931.05,25.94,4.29,1.06
5389,2021-08-31,16947.5,17153.5,16915.85,17132.2,26.25,4.33,1.05
5390,2021-09-01,17185.6,17225.75,17055.05,17076.25,26.17,4.32,1.05
5391,2021-09-02,17095.4,17245.5,17059.7,17234.15,26.41,4.36,1.04
5392,2021-09-03,17262.45,17340.1,17212.2,17323.6,26.54,4.38,1.03
5393,2021-09-06,17399.35,17429.55,17345.55,17377.8,26.63,4.39,1.03
5394,2021-09-07,17401.55,17436.5,17287.0,17362.1,26.6,4.39,1.03
5395,2021-09-08,17375.75,17383.4,17254.2,17353.5,26.59,4.39,1.07
5396,2021-09-09,17312.85,17379.65,17302.7,17369.25,26.61,4.39,1.07
5397,2021-09-13,17363.55,17378.35,17269.15,17355.3,26.59,4.39,1.07
5398,2021-09-14,17420.35,17438.55,17367.05,17380.0,26.63,4.39,1.07
5399,2021-09-15,17387.65,17532.7,17386.9,17519.45,26.84,4.43,1.06
5400,2021-09-16,17539.2,17644.6,17510.45,17629.5,26.99,4.45,1.12
5401,2021-09-17,17709.65,17792.95,17537.65,17585.15,26.93,4.44,1.13
5402,2021-09-20,17443.85,17622.75,17361.8,17396.9,26.64,4.4,1.14
5403,2021-09-21,17450.5,17578.35,17326.1,17562.0,26.89,4.44,1.13
5404,2021-09-22,17580.9,17610.45,17524.0,17546.65,26.87,4.43,1.13
5405,2021-09-23,17670.85,17843.9,17646.55,17822.95,27.29,4.5,1.11
5406,2021-09-24,17897.45,17947.65,17819.4,17853.2,27.34,4.47,1.11
5407,2021-09-27,17932.2,17943.5,17802.9,17855.1,27.33,4.47,1.15
5408,2021-09-28,17906.45,17912.85,17576.1,17748.6,27.16,4.44,1.16
5409,2021-09-29,17657.95,17781.75,17608.15,17711.3,27.11,4.43,1.16
5410,2021-09-30,17718.9,17742.15,17585.35,17618.15,26.98,4.41,1.17
5411,2021-10-01,17531.9,17557.15,17452.9,17532.05,26.84,4.39,1.17
5412,2021-10-04,17615.55,17750.9,17581.35,17691.25,27.09,4.43,1.16
5413,2021-10-05,17661.35,17833.45,17640.9,17822.3,27.29,4.46,1.16
5414,2021-10-06,17861.5,17884.6,17613.15,17646.0,27.02,4.42,1.17
5415,2021-10-07,17810.55,17857.55,17763.8,17790.35,27.24,4.45,1.16
5416,2021-10-08,17886.85,17941.85,17840.35,17895.2,27.4,4.48,1.15
5417,2021-10-11,17867.55,18041.95,17839.1,17945.95,27.48,4.49,1.15
5418,2021-10-12,17915.8,18008.65,17864.95,17991.95,27.49,4.51,1.14
5419,2021-10-13,18097.85,18197.8,18050.75,18161.75,27.75,4.55,1.13
5420,2021-10-14,18272.85,18350.75,18248.7,18338.55,28.02,4.59,1.12
5421,2021-10-18,18500.1,18543.15,18445.3,18477.05,28.17,4.63,1.11
5422,2021-10-19,18602.35,18604.45,18377.7,18418.75,27.97,4.61,1.07
5423,2021-10-20,18439.9,18458.3,18209.35,18266.6,27.72,4.57,1.08
5424,2021-10-21,18382.7,18384.2,18048.0,18178.1,27.58,4.55,1.10
5425,2021-10-22,18230.7,18314.25,18034.35,18114.9,27.48,4.54,1.10
5426,2021-10-25,18229.5,18241.4,17968.5,18125.4,27.29,4.54,1.04
5427,2021-10-26,18154.5,18310.45,18099.3,18268.4,27.16,4.57,1.12
5428,2021-10-27,18295.85,18342.05,18167.9,18210.95,27.06,4.56,1.13
5429,2021-10-28,18187.65,18190.7,17799.45,17857.25,26.39,4.47,1.13
5430,2021-10-29,17833.05,17915.85,17613.1,17671.65,25.71,4.43,1.13
5431,2021-11-01,17783.15,17954.1,17697.1,17929.65,26.07,4.49,1.11
5432,2021-11-02,17970.9,18012.25,17847.6,17888.95,25.95,4.48,1.13
5433,2021-11-03,17947.95,17988.75,17757.95,17829.2,25.98,4.46,1.13
5434,2021-11-04,17935.05,17947.55,17900.6,17916.8,26.11,4.49,1.10
5435,2021-11-08,18040.2,18087.8,17836.1,18068.55,26.25,4.52,1.09
5436,2021-11-09,18084.35,18112.6,17983.05,18044.25,26.06,4.52,1.09
5437,2021-11-10,17973.45,18061.25,17915.0,18017.2,26.03,4.51,1.09
5438,2021-11-11,17967.45,17971.35,17798.2,17873.6,25.65,4.48,1.12
5439,2021-11-12,17977.6,18123.0,17905.9,18102.75,25.98,4.53,1.11
5440,2021-11-15,18140.95,18210.15,18071.3,18109.45,26.0,4.53,1.11
5441,2021-11-16,18127.05,18132.65,17958.8,17999.2,24.83,4.51,1.11
5442,2021-11-17,17939.35,18022.65,17879.25,17898.65,24.69,4.48,1.12
5443,2021-11-18,17890.55,17945.6,17688.5,17764.8,24.51,4.45,1.13
5444,2021-11-22,17796.25,17805.25,17280.45,17416.55,24.03,4.36,1.16
5445,2021-11-23,17281.75,17553.7,17216.1,17503.35,24.15,4.38,1.15
5446,2021-11-24,17550.05,17600.6,17354.0,17415.05,24.03,4.36,1.16
5447,2021-11-25,17417.3,17564.35,17351.7,17536.25,24.19,4.39,1.15
5448,2021-11-26,17338.75,17355.4,16985.7,17026.45,23.49,4.26,1.18
5449,2021-11-29,17055.8,17160.7,16782.4,17053.95,23.53,4.27,1.18
5450,2021-11-30,17051.15,17324.65,16931.4,16983.2,23.43,4.25,1.19
5451,2021-12-01,17104.4,17213.05,17064.25,17166.9,23.68,4.3,1.17
5452,2021-12-02,17183.2,17420.35,17149.3,17401.65,24.01,4.36,1.16
5453,2021-12-03,17424.9,17489.8,17180.8,17196.7,23.73,4.31,1.17
5454,2021-12-06,17209.05,17216.75,16891.7,16912.25,23.33,4.23,1.22
5455,2021-12-07,17044.1,17251.65,16987.75,17176.7,23.69,4.3,1.20
5456,2021-12-08,17315.25,17484.6,17308.95,17469.75,24.1,4.37,1.18
5457,2021-12-09,17524.4,17543.25,17379.6,17516.85,24.16,4.39,1.17
5458,2021-12-10,17476.05,17534.35,17405.25,17511.3,24.15,4.38,1.18
5459,2021-12-13,17619.1,17639.5,17355.95,17368.25,23.96,4.35,1.18
5460,2021-12-14,17283.2,17376.2,17225.8,17324.9,23.9,4.34,1.19
5461,2021-12-15,17323.65,17351.2,17192.2,17221.4,23.75,4.31,1.20
5462,2021-12-16,17373.0,17379.35,17184.95,17248.4,23.79,4.32,1.19
5463,2021-12-17,17276.0,17298.15,16966.45,16985.2,23.43,4.25,1.19
5464,2021-12-20,16824.25,16840.1,16410.2,16614.2,22.92,4.16,1.22
5465,2021-12-21,16773.15,16936.4,16688.25,16770.85,23.13,4.2,1.20
5466,2021-12-22,16865.55,16971.0,16819.5,16955.45,23.39,4.24,1.22
5467,2021-12-23,17066.8,17118.65,17015.55,17072.6,23.55,4.27,1.22
5468,2021-12-24,17149.5,17155.6,16909.6,17003.75,23.45,4.26,1.22
5469,2021-12-27,16937.75,17112.05,16833.2,17086.25,23.57,4.28,1.21
5470,2021-12-28,17177.6,17250.25,17161.15,17233.25,23.77,4.31,1.20
5471,2021-12-29,17220.1,17285.95,17176.65,17213.6,23.74,4.31,1.21
5472,2021-12-30,17201.45,17264.05,17146.35,17203.95,23.73,4.31,1.21
5473,2021-12-31,17244.5,17400.8,17238.5,17354.05,24.11,4.37,1.19
5474,2022-01-03,17387.15,17646.65,17383.3,17625.7,24.49,4.44,1.17
5475,2022-01-04,17681.4,17827.6,17593.55,17805.25,24.74,4.49,1.16
5476,2022-01-05,17820.1,17944.7,17748.85,17925.25,24.91,4.52,1.15
5477,2022-01-06,17768.5,17797.95,17655.55,17745.9,24.66,4.47,1.16
5478,2022-01-07,17797.6,17905.0,17704.55,17812.7,24.75,4.49,1.16
5479,2022-01-10,17913.3,18017.45,17879.15,18003.3,25.01,4.54,1.14
5480,2022-01-11,17997.75,18081.25,17964.4,18055.75,25.09,4.55,1.14
5481,2022-01-12,18170.4,18227.95,18128.8,18212.35,25.3,4.59,1.13
5482,2022-01-13,18257.0,18272.25,18163.8,18257.8,25.37,4.6,1.13
5483,2022-01-14,18185.0,18286.95,18119.65,18255.75,25.3,4.6,1.12
5484,2022-01-17,18235.65,18321.55,18228.75,18308.1,25.37,4.61,1.12
5485,2022-01-18,18337.2,18350.95,18085.9,18113.05,25.0,4.56,1.13
5486,2022-01-19,18129.2,18129.2,17884.9,17938.4,24.76,4.52,1.15
5487,2022-01-20,17921.0,17943.7,17648.45,17757.0,24.47,4.47,1.18
5488,2022-01-21,17613.7,17707.6,17485.85,17617.15,24.29,4.44,1.18
5489,2022-01-24,17575.15,17599.4,16997.85,17149.1,23.63,4.32,1.21
5490,2022-01-25,17001.55,17309.15,16836.8,17277.95,23.47,4.35,1.20
5491,2022-01-27,17062.0,17182.5,16866.75,17110.15,23.09,4.31,1.21
5492,2022-01-28,17208.3,17373.5,17077.1,17101.95,23.1,4.31,1.21
5493,2022-01-31,17301.05,17410.0,17264.15,17339.85,23.42,4.37,1.20
5494,2022-02-01,17529.45,17622.4,17244.55,17576.85,23.62,4.43,1.18
5495,2022-02-02,17706.2,17794.6,17674.8,17780.0,23.95,4.48,1.17
5496,2022-02-03,17767.75,17781.15,17511.15,17560.2,23.65,4.42,1.21
5497,2022-02-04,17590.2,17617.8,17462.55,17516.3,23.56,4.41,1.21
5498,2022-02-07,17456.3,17536.75,17119.4,17213.6,23.11,4.34,1.23
5499,2022-02-08,17279.85,17306.45,17043.65,17266.75,22.83,4.35,1.23
5500,2022-02-09,17370.1,17477.15,17339.0,17463.8,23.09,4.4,1.20
5501,2022-02-10,17554.1,17639.45,17427.15,17605.85,22.98,4.44,1.20
5502,2022-02-11,17451.0,17454.75,17303.0,17374.75,22.68,4.38,1.20
5503,2022-02-14,17076.15,17099.5,16809.65,16842.8,21.85,4.24,1.30
5504,2022-02-15,16933.25,17375.0,16839.25,17352.45,22.36,4.37,1.25
5505,2022-02-16,17408.45,17490.6,17257.7,17322.2,22.27,4.36,1.28
5506,2022-02-17,17396.55,17442.9,17235.85,17304.6,22.25,4.36,1.25
5507,2022-02-18,17236.05,17380.8,17219.2,17276.3,22.21,4.35,1.25
5508,2022-02-21,17192.25,17351.05,17070.7,17206.65,22.12,4.34,1.29
5509,2022-02-22,16847.95,17148.55,16843.8,17092.2,21.97,4.31,1.24
5510,2022-02-23,17194.5,17220.7,17027.85,17063.25,21.94,4.3,1.24
5511,2022-02-24,16548.9,16705.25,16203.25,16247.95,20.89,4.09,1.3
5512,2022-02-25,16515.65,16748.8,16478.3,16658.4,21.42,4.2,1.27
5513,2022-02-28,16481.6,16815.9,16356.3,16793.9,21.59,4.23,1.26
5514,2022-03-02,16593.1,16678.5,16478.65,16605.95,21.35,4.18,1.27
5515,2022-03-03,16723.2,16768.95,16442.95,16498.05,21.21,4.16,1.28
5516,2022-03-04,16339.45,16456.0,16133.8,16245.35,20.89,4.09,1.30
5517,2022-03-07,15867.95,15944.6,15711.45,15863.15,20.39,4.0,1.33
5518,2022-03-08,15747.75,16028.75,15671.45,16013.45,20.59,4.03,1.31
5519,2022-03-09,16078.0,16418.05,15990.0,16345.35,21.01,4.12,1.28
5520,2022-03-10,16757.1,16757.3,16447.9,16594.9,21.34,4.18,1.26
5521,2022-03-11,16528.8,16694.4,16470.9,16630.45,21.38,4.19,1.26
5522,2022-03-14,16633.7,16887.95,16606.5,16871.3,21.69,4.25,1.24
5523,2022-03-15,16900.65,16927.75,16555.0,16663.0,21.42,4.2,1.24
5524,2022-03-16,16876.65,16987.9,16837.85,16975.35,21.82,4.28,1.22
5525,2022-03-17,17202.9,17344.6,17175.75,17287.05,22.23,4.36,1.20
5526,2022-03-21,17329.5,17353.35,17096.4,17117.6,22.01,4.31,1.21
5527,2022-03-22,17120.4,17334.4,17006.3,17315.5,22.26,4.36,1.20
5528,2022-03-23,17405.05,17442.4,17199.6,17245.65,22.17,4.35,1.19
5529,2022-03-24,17094.95,17291.75,17091.15,17222.75,22.14,4.34,1.19
5530,2022-03-25,17289.0,17294.9,17076.55,17153.0,22.05,4.32,1.19
5531,2022-03-28,17181.85,17235.1,17003.9,17222.0,22.14,4.34,1.19
5532,2022-03-29,17297.2,17343.65,17235.7,17325.3,22.27,4.37,1.18
5533,2022-03-30,17468.15,17522.5,17387.2,17498.25,22.5,4.41,1.17
5534,2022-03-31,17519.2,17559.8,17435.2,17464.75,22.92,4.46,1.13
5535,2022-04-01,17436.9,17703.7,17422.7,17670.45,23.19,4.51,1.12
5536,2022-04-04,17809.1,18114.65,17791.4,18053.4,23.69,4.61,1.10
5537,2022-04-05,18080.6,18095.45,17921.55,17957.4,23.57,4.59,1.11
5538,2022-04-06,17842.75,17901.0,17779.85,17807.65,23.37,4.55,1.12
5539,2022-04-07,17723.3,17787.5,17623.7,17639.55,23.15,4.51,1.13
5540,2022-04-08,17698.15,17842.75,17600.55,17784.35,23.34,4.54,1.11
5541,2022-04-11,17740.9,17779.05,17650.95,17674.95,23.2,4.52,1.12
5542,2022-04-12,17584.85,17595.3,17442.35,17530.3,23.01,4.48,1.13
5543,2022-04-13,17599.9,17663.65,17457.4,17475.65,22.92,4.46,1.13
5544,2022-04-18,17183.45,17237.75,17067.85,17173.65,22.53,4.39,1.15
5545,2022-04-19,17258.95,17275.65,16824.7,16958.65,22.1,4.33,1.16
5546,2022-04-20,17045.25,17186.9,16978.95,17136.55,22.33,4.38,1.15
5547,2022-04-21,17234.6,17414.7,17215.5,17392.6,22.67,4.44,1.14
5548,2022-04-22,17242.75,17315.3,17149.2,17171.95,22.38,4.39,1.15
5549,2022-04-25,17009.05,17054.3,16888.7,16953.95,22.03,4.33,1.17
5550,2022-04-26,17121.3,17223.85,17064.45,17200.8,22.17,4.39,1.15
5551,2022-04-27,17073.35,17110.7,16958.45,17038.4,21.96,4.35,1.16
5552,2022-04-28,17189.5,17322.5,17071.05,17245.05,22.2,4.41,1.17
5553,2022-04-29,17329.25,17377.65,17053.25,17102.55,22.01,4.37,1.16
5554,2022-05-02,16924.45,17092.25,16917.25,17069.1,21.87,4.36,1.16
5555,2022-05-04,17096.6,17132.85,16623.95,16677.6,21.31,4.26,1.19
5556,2022-05-05,16854.75,16945.7,16651.85,16682.65,21.24,4.26,1.19
5557,2022-05-06,16415.55,16484.2,16340.9,16411.25,20.89,4.19,1.21
5558,2022-05-09,16227.7,16403.7,16142.1,16301.85,20.75,4.17,1.21
5559,2022-05-10,16248.9,16404.55,16197.3,16240.05,20.42,4.15,1.22
5560,2022-05-11,16270.05,16318.75,15992.6,16167.1,20.32,4.13,1.22
5561,2022-05-12,16021.1,16041.95,15735.75,15808.0,19.87,4.04,1.35
5562,2022-05-13,15977.0,16083.6,15740.85,15782.15,19.83,4.03,1.35
5563,2022-05-16,15845.1,15977.95,15739.65,15842.3,19.72,4.05,1.35
5564,2022-05-17,15912.6,16284.25,15900.8,16259.3,20.12,4.15,1.31
5565,2022-05-18,16318.15,16399.8,16211.2,16240.3,20.09,4.15,1.31
5566,2022-05-19,15917.4,15984.75,15775.2,15809.4,19.51,4.04,1.35
5567,2022-05-20,16043.8,16283.05,16003.85,16266.15,20.05,4.16,1.31
5568,2022-05-23,16290.95,16414.7,16185.75,16214.7,20.01,4.14,1.32
5569,2022-05-24,16225.55,16262.8,16078.6,16125.15,19.87,4.12,1.32
5570,2022-05-25,16196.35,16223.35,16006.95,16025.8,19.74,4.09,1.38
5571,2022-05-26,16105.0,16204.45,15903.7,16170.15,19.88,4.13,1.44
5572,2022-05-27,16296.6,16370.6,16221.95,16352.45,20.27,4.18,1.43
5573,2022-05-30,16527.9,16695.5,16506.15,16661.4,20.65,4.26,1.40
5574,2022-05-31,16578.45,16690.75,16521.9,16584.55,20.44,4.24,1.43
5575,2022-06-01,16594.4,16649.2,16438.85,16522.75,20.45,4.22,1.44
5576,2022-06-02,16481.65,16646.4,16443.05,16628.0,20.58,4.25,1.43
5577,2022-06-03,16761.65,16793.85,16567.9,16584.3,20.52,4.24,1.41
5578,2022-06-06,16530.7,16610.95,16444.55,16569.55,20.5,4.24,1.41
5579,2022-06-07,16469.6,16487.25,16347.1,16416.35,20.31,4.2,1.43
5580,2022-06-08,16474.95,16514.3,16293.35,16356.25,20.24,4.18,1.43
5581,2022-06-09,16263.85,16492.8,16243.85,16478.1,20.39,4.21,1.43
5582,2022-06-10,16283.95,16324.7,16172.6,16201.8,20.05,4.14,1.38
5583,2022-06-13,15877.55,15886.15,15684.0,15774.4,19.52,4.03,1.38
5584,2022-06-14,15674.25,15858.0,15659.45,15732.1,19.47,4.02,1.36
5585,2022-06-15,15729.25,15783.65,15678.9,15692.15,19.42,4.01,1.45
5586,2022-06-16,15832.25,15863.15,15335.1,15360.6,19.01,3.93,1.48
5587,2022-06-17,15272.65,15400.4,15183.4,15293.5,18.92,3.91,1.46
5588,2022-06-20,15334.5,15382.5,15191.1,15350.15,18.99,3.92,1.46
5589,2022-06-21,15455.95,15707.25,15419.85,15638.8,19.35,4.0,1.44
5590,2022-06-22,15545.65,15565.4,15385.95,15413.3,19.07,3.94,1.46
5591,2022-06-23,15451.55,15628.45,15367.5,15556.65,19.25,3.98,1.44
5592,2022-06-24,15657.4,15749.25,15619.45,15699.25,19.43,4.01,1.43
5593,2022-06-27,15926.2,15927.45,15815.5,15832.05,19.59,4.05,1.41
5594,2022-06-28,15757.45,15892.1,15710.15,15850.2,19.61,4.05,1.41
5595,2022-06-29,15701.7,15861.6,15687.8,15799.1,19.55,4.04,1.38
5596,2022-06-30,15774.5,15890.0,15728.85,15780.25,19.5,4.03,1.41
5597,2022-07-01,15703.7,15793.95,15511.05,15752.05,19.46,4.02,1.41
5598,2022-07-04,15710.5,15852.35,15661.8,15835.35,19.57,4.04,1.43
5599,2022-07-05,15909.15,16025.75,15785.45,15810.85,19.54,4.04,1.42
5600,2022-07-06,15818.2,16011.35,15800.9,15989.8,19.76,4.08,1.41
5601,2022-07-07,16113.75,16150.5,16045.95,16132.9,19.93,4.12,1.40
5602,2022-07-08,16273.65,16275.5,16157.9,16220.6,20.04,4.0,1.37
5603,2022-07-11,16136.15,16248.55,16115.5,16216.0,20.03,3.91,1.37
5604,2022-07-12,16126.2,16158.75,16031.15,16058.3,19.83,3.87,1.38
5605,2022-07-13,16128.2,16140.0,15950.15,15966.65,19.72,3.85,1.39
5606,2022-07-14,16018.85,16070.85,15858.2,15938.65,19.69,3.84,1.42
5607,2022-07-15,16010.8,16066.95,15927.3,16049.2,19.82,3.87,1.38
5608,2022-07-18,16151.4,16287.95,16142.2,16278.5,20.11,3.92,1.36
5609,2022-07-19,16187.05,16359.5,16187.05,16340.55,20.18,3.94,1.37
5610,2022-07-20,16562.8,16588.0,16490.95,16520.85,20.33,3.98,1.36
5611,2022-07-21,16523.55,16626.95,16483.9,16605.25,20.43,4.0,1.41
5612,2022-07-22,16661.25,16752.25,16610.9,16719.45,20.55,4.03,1.40
5613,2022-07-25,16662.55,16706.05,16564.25,16631.0,20.44,4.01,1.38
5614,2022-07-26,16632.9,16636.1,16463.3,16483.85,20.17,3.96,1.39
5615,2022-07-27,16475.35,16653.45,16438.75,16641.8,20.19,4.0,1.38
5616,2022-07-28,16774.85,16947.65,16746.25,16929.6,20.49,4.07,1.33
5617,2022-07-29,17079.5,17172.8,17018.15,17158.25,20.73,4.12,1.29
5618,2022-08-01,17243.2,17356.25,17154.8,17340.05,20.9,4.17,1.29
5619,2022-08-02,17310.15,17390.15,17215.85,17345.45,20.86,4.17,1.29
5620,2022-08-03,17349.25,17407.5,17225.85,17388.15,20.85,4.18,1.30
5621,2022-08-04,17463.1,17490.7,17161.25,17382.0,20.85,4.18,1.30
5622,2022-08-05,17423.65,17474.4,17348.75,17397.5,20.86,4.18,1.29
5623,2022-08-08,17401.5,17548.8,17359.75,17525.1,21.02,4.21,1.33
5624,2022-08-10,17566.1,17566.1,17442.8,17534.75,21.11,4.21,1.34
5625,2022-08-11,17711.65,17719.3,17631.95,17659.0,21.29,4.18,1.36
5626,2022-08-12,17659.65,17724.65,17597.85,17698.15,21.18,4.15,1.35
5627,2022-08-16,17797.2,17839.1,17764.05,17825.25,21.34,4.18,1.34
5628,2022-08-17,17868.15,17965.95,17833.35,17944.25,21.42,4.2,1.33
5629,2022-08-18,17898.65,17968.45,17852.05,17956.5,21.44,4.2,1.38
5630,2022-08-19,17966.55,17992.2,17710.75,17758.45,21.2,4.15,1.41
5631,2022-08-22,17682.9,17690.05,17467.35,17490.7,20.88,4.09,1.44
5632,2022-08-23,17357.35,17625.55,17345.2,17577.5,20.98,4.11,1.43
5633,2022-08-24,17525.45,17623.65,17499.25,17604.95,21.02,4.11,1.42
5634,2022-08-25,17679.0,17726.5,17487.45,17522.45,20.92,4.09,1.43
5635,2022-08-26,17619.3,17685.85,17519.35,17558.9,20.96,4.1,1.43
5636,2022-08-29,17188.65,17380.15,17166.2,17312.9,20.67,4.05,1.45
5637,2022-08-30,17414.95,17777.65,17401.5,17759.3,21.2,4.12,1.41
5638,2022-09-01,17485.7,17695.6,17468.45,17542.8,20.94,4.07,1.43
5639,2022-09-02,17598.4,17643.85,17476.45,17539.45,20.94,4.07,1.42
5640,2022-09-05,17546.45,17683.15,17540.35,17665.8,21.09,4.1,1.41
5641,2022-09-06,17695.7,17764.65,17587.65,17655.6,21.08,4.1,1.41
5642,2022-09-07,17519.4,17650.75,17484.3,17624.4,21.04,4.09,1.41
5643,2022-09-08,17748.15,17807.65,17691.95,17798.75,21.25,4.13,1.36
5644,2022-09-09,17923.35,17925.95,17786.0,17833.35,21.29,4.14,1.35
5645,2022-09-12,17890.85,17980.55,17889.15,17936.35,21.41,4.16,1.35
5646,2022-09-13,18044.45,18088.3,18015.45,18070.05,21.57,4.19,1.34
5647,2022-09-14,17771.15,18091.55,17771.15,18003.75,21.49,4.18,1.34
5648,2022-09-15,18046.35,18096.15,17861.5,17877.4,21.34,4.15,1.35
5649,2022-09-16,17796.8,17820.05,17497.25,17530.85,20.93,4.07,1.31
5650,2022-09-19,17540.65,17667.2,17429.7,17622.25,21.04,4.09,1.30
5651,2022-09-20,17770.4,17919.3,17744.4,17816.25,21.27,4.13,1.28
5652,2022-09-21,17766.35,17838.7,17663.6,17718.35,21.15,4.11,1.29
5653,2022-09-22,17609.65,17722.75,17532.45,17629.8,21.05,4.09,1.30
5654,2022-09-23,17593.85,17642.15,17291.65,17327.35,20.69,4.02,1.32
5655,2022-09-26,17156.3,17196.4,16978.3,17016.3,20.31,3.95,1.35
5656,2022-09-27,17110.9,17176.45,16942.35,17007.4,20.3,3.95,1.35
5657,2022-09-28,16870.55,17037.6,16820.4,16858.6,20.13,3.91,1.36
5658,2022-09-29,16993.6,17026.05,16788.6,16818.1,20.08,3.9,1.36
5659,2022-09-30,16798.05,17187.1,16747.7,17094.35,20.64,4.02,1.32
5660,2022-10-03,17102.1,17114.65,16855.55,16887.35,20.39,3.97,1.34
5661,2022-10-04,17147.45,17287.3,17117.3,17274.3,20.86,4.06,1.31
5662,2022-10-06,17379.25,17428.8,17315.65,17331.8,20.93,4.07,1.31
5663,2022-10-07,17287.2,17337.35,17216.95,17314.65,20.9,4.07,1.31
5664,2022-10-10,17094.35,17280.15,17064.7,17241.0,20.82,4.05,1.31
5665,2022-10-11,17256.05,17261.8,16950.3,16983.55,20.51,3.99,1.33
5666,2022-10-12,17025.55,17142.35,16960.05,17123.6,20.67,4.02,1.32
5667,2022-10-13,17087.35,17112.35,16956.95,17014.35,20.53,4.0,1.33
5668,2022-10-14,17322.3,17348.55,17169.75,17185.7,20.74,4.04,1.31
5669,2022-10-17,17144.8,17328.55,17098.55,17311.8,20.86,4.07,1.31
5670,2022-10-18,17438.75,17527.8,17434.05,17486.95,20.99,4.11,1.30
5671,2022-10-19,17568.15,17607.6,17472.85,17512.25,21.02,4.12,1.31
5672,2022-10-20,17423.1,17584.15,17421.0,17563.95,21.06,4.13,1.30
5673,2022-10-21,17622.85,17670.15,17520.75,17576.3,21.07,4.13,1.29
5674,2022-10-24,17736.35,17777.55,17707.4,17730.75,21.26,4.17,1.28
5675,2022-10-25,17808.3,17811.5,17637.0,17656.35,21.0,4.15,1.28
5676,2022-10-27,17771.4,17783.9,17654.5,17736.95,21.1,4.17,1.26
5677,2022-10-28,17756.4,17838.9,17723.7,17786.8,21.15,4.18,1.26
5678,2022-10-31,17910.2,18022.8,17899.9,18012.2,21.42,4.23,1.25
5679,2022-11-01,18130.7,18175.8,18060.15,18145.4,21.98,4.26,1.26
5680,2022-11-02,18177.9,18178.75,18048.65,18082.85,21.82,4.25,1.25
5681,2022-11-03,17968.35,18106.3,17959.2,18052.7,21.79,4.24,1.25
5682,2022-11-04,18053.4,18135.1,18017.15,18117.15,21.77,4.26,1.25
5683,2022-11-07,18211.75,18255.5,18064.75,18202.8,21.71,4.28,1.24
5684,2022-11-09,18288.25,18296.4,18117.5,18157.0,21.66,4.27,1.26
5685,2022-11-10,18044.35,18103.1,17969.4,18028.2,21.53,4.24,1.27
5686,2022-11-11,18272.35,18362.3,18259.35,18349.7,21.92,4.31,1.24
5687,2022-11-14,18376.4,18399.45,18311.4,18329.15,21.79,4.31,1.26
5688,2022-11-15,18362.75,18427.95,18282.0,18403.4,21.89,4.32,1.30
5689,2022-11-16,18398.25,18442.15,18344.15,18409.65,21.91,4.32,1.3
5690,2022-11-17,18358.7,18417.6,18312.95,18343.9,21.83,4.31,1.30
5691,2022-11-18,18382.95,18394.6,18209.8,18307.65,21.79,4.3,1.30
5692,2022-11-21,18246.4,18262.3,18133.35,18159.95,21.82,4.26,1.35
5693,2022-11-22,18179.15,18261.85,18137.7,18244.2,21.93,4.28,1.32
5694,2022-11-23,18325.2,18325.4,18246.0,18267.25,21.95,4.29,1.31
5695,2022-11-24,18326.1,18529.7,18294.25,18484.1,22.21,4.34,1.30
5696,2022-11-25,18528.45,18534.9,18445.1,18512.75,22.25,4.35,1.30
5697,2022-11-28,18430.55,18614.25,18365.6,18562.75,22.31,4.36,1.29
5698,2022-11-29,18552.45,18678.1,18552.15,18618.05,22.37,4.37,1.29
5699,2022-11-30,18625.7,18816.05,18616.55,18758.35,22.54,4.4,1.28
5700,2022-12-01,18871.95,18887.6,18778.2,18812.5,22.61,4.42,1.28
5701,2022-12-02,18752.4,18781.95,18639.2,18696.1,22.47,4.39,1.28
5702,2022-12-05,18719.55,18728.6,18591.35,18701.05,22.47,4.39,1.28
5703,2022-12-06,18600.65,18654.9,18577.9,18642.75,22.4,4.38,1.26
5704,2022-12-07,18638.85,18668.3,18528.4,18560.5,22.31,4.36,1.27
5705,2022-12-08,18570.85,18625.0,18536.95,18609.35,22.36,4.37,1.27
5706,2022-12-09,18662.4,18664.7,18410.1,18496.6,22.23,4.34,1.27
5707,2022-12-12,18402.15,18521.55,18345.7,18497.15,22.23,4.34,1.27
5708,2022-12-13,18524.4,18617.25,18490.2,18608.0,22.36,4.37,1.27
5709,2022-12-14,18671.25,18696.1,18632.9,18660.3,22.43,4.38,1.26
5710,2022-12-15,18614.4,18652.9,18387.7,18414.9,22.13,4.32,1.28
5711,2022-12-16,18319.1,18440.95,18255.15,18269.0,21.96,4.29,1.29
5712,2022-12-19,18288.1,18431.65,18244.55,18420.45,22.14,4.32,1.28
5713,2022-12-20,18340.3,18404.9,18202.65,18385.3,22.1,4.32,1.28
5714,2022-12-21,18435.15,18473.35,18162.75,18199.1,21.87,4.27,1.29
5715,2022-12-22,18288.8,18318.75,18068.6,18127.35,21.79,4.26,1.27
5716,2022-12-23,17977.65,18050.45,17779.5,17806.8,21.4,4.18,1.29
5717,2022-12-26,17830.4,18084.1,17774.25,18014.6,21.65,4.23,1.28
5718,2022-12-27,18089.8,18149.25,17967.45,18132.3,21.79,4.26,1.27
5719,2022-12-28,18084.75,18173.1,18068.35,18122.5,21.78,4.25,1.27
5720,2022-12-29,18045.7,18229.7,17992.8,18191.0,21.86,4.27,1.27
5721,2022-12-30,18259.1,18265.25,18080.3,18105.3,21.79,4.25,1.27
5722,2023-01-02,18131.7,18215.15,18086.5,18197.45,21.9,4.27,1.26
5723,2023-01-03,18163.2,18251.95,18149.8,18232.55,21.94,4.28,1.26
5724,2023-01-04,18230.65,18243.0,18020.6,18042.95,21.71,4.23,1.27
5725,2023-01-05,18101.95,18120.3,17892.6,17992.15,21.65,4.22,1.28
5726,2023-01-06,18008.05,18047.4,17795.55,17859.45,21.49,4.19,1.29
5727,2023-01-09,17952.55,18141.4,17936.15,18101.2,21.78,4.25,1.27
5728,2023-01-10,18121.3,18127.6,17856.0,17914.15,21.56,4.2,1.28
5729,2023-01-11,17924.25,17976.35,17824.35,17895.7,21.52,4.2,1.28
5730,2023-01-12,17920.85,17945.8,17761.65,17858.2,21.47,4.19,1.29
5731,2023-01-13,17867.5,17999.35,17774.25,17956.6,21.54,4.21,1.28
5732,2023-01-16,18033.15,18049.65,17853.65,17894.85,21.34,4.19,1.38
5733,2023-01-17,17922.8,18072.05,17886.95,18053.3,21.53,4.23,1.37
5734,2023-01-18,18074.3,18183.75,18032.45,18165.35,21.67,4.26,1.36
5735,2023-01-19,18119.8,18155.2,18063.75,18107.85,21.56,4.24,1.37
5736,2023-01-20,18115.6,18145.45,18016.2,18027.65,21.46,4.23,1.36
5737,2023-01-23,18118.45,18162.6,18063.45,18118.55,21.6,4.25,1.35
5738,2023-01-24,18183.95,18201.25,18078.65,18118.3,21.49,4.25,1.36
5739,2023-01-25,18093.35,18100.6,17846.15,17891.95,21.19,4.19,1.37
5740,2023-01-27,17877.2,17884.75,17493.55,17604.35,20.7,4.13,1.40
5741,2023-01-30,17541.95,17709.15,17405.55,17648.95,20.73,4.14,1.39
5742,2023-01-31,17731.45,17735.7,17537.55,17662.15,20.73,4.14,1.39
5743,2023-02-01,17811.6,17972.2,17353.4,17616.3,20.68,4.13,1.40
5744,2023-02-02,17517.1,17653.9,17445.95,17610.4,20.59,4.13,1.40
5745,2023-02-03,17721.75,17870.3,17584.2,17854.05,20.86,4.18,1.38
5746,2023-02-06,17818.55,17823.7,17698.35,17764.6,20.71,4.16,1.39
5747,2023-02-07,17790.1,17811.15,17652.55,17721.5,20.5,4.15,1.39
5748,2023-02-08,17750.3,17898.7,17744.15,17871.7,21.1,4.19,1.42
5749,2023-02-09,17885.5,17916.9,17779.8,17893.45,21.11,4.19,1.41
5750,2023-02-10,17847.55,17876.95,17801.0,17856.5,21.06,4.18,1.41
5751,2023-02-13,17859.1,17880.7,17719.75,17770.9,21.05,4.16,1.42
5752,2023-02-14,17840.35,17954.55,17800.05,17929.85,21.21,4.2,1.35
5753,2023-02-15,17896.6,18034.1,17853.8,18015.85,21.31,4.22,1.41
5754,2023-02-16,18094.75,18134.75,18000.65,18035.85,21.26,4.23,1.38
5755,2023-02-17,17974.85,18034.25,17884.6,17944.2,21.15,4.2,1.40
5756,2023-02-20,17965.55,18004.35,17818.4,17844.6,21.04,4.18,1.41
5757,2023-02-21,17905.8,17924.9,17800.3,17826.7,21.01,4.18,1.38
5758,2023-02-22,17755.35,17772.5,17529.45,17554.3,20.69,4.11,1.40
5759,2023-02-23,17574.65,17620.05,17455.4,17511.25,20.64,4.1,1.40
5760,2023-02-24,17591.35,17599.75,17421.8,17465.8,20.58,4.09,1.42
5761,2023-02-27,17428.6,17451.6,17299.0,17392.7,20.49,4.07,1.43
5762,2023-02-28,17383.25,17440.45,17255.2,17303.95,20.39,4.05,1.44
5763,2023-03-01,17360.1,17467.75,17345.25,17450.9,20.56,4.09,1.43
5764,2023-03-02,17421.5,17445.8,17306.0,17321.9,20.41,4.06,1.44
5765,2023-03-03,17451.25,17644.75,17427.7,17594.35,20.73,4.12,1.41
5766,2023-03-06,17680.35,17799.95,17671.95,17711.45,20.87,4.15,1.41
5767,2023-03-08,17665.75,17766.5,17602.25,17754.4,20.92,4.16,1.40
5768,2023-03-09,17772.05,17772.35,17573.6,17589.6,20.73,4.12,1.41
5769,2023-03-10,17443.8,17451.5,17324.35,17412.9,20.52,4.08,1.43
5770,2023-03-13,17421.9,17529.9,17113.45,17154.3,20.21,4.02,1.45
5771,2023-03-14,17160.55,17224.65,16987.1,17043.3,20.08,3.99,1.46
5772,2023-03-15,17166.45,17211.35,16938.9,16972.15,20.0,3.97,1.47
5773,2023-03-16,16994.65,17062.45,16850.15,16985.6,20.01,3.98,1.47
5774,2023-03-17,17111.8,17145.8,16958.15,17100.05,20.15,4.0,1.46
5775,2023-03-20,17066.6,17066.6,16828.35,16988.4,20.02,3.98,1.47
5776,2023-03-21,17060.4,17127.7,17016.0,17107.5,20.16,4.01,1.46
5777,2023-03-22,17177.45,17207.25,17107.85,17151.9,20.21,4.02,1.45
5778,2023-03-23,17097.4,17205.4,17045.3,17076.9,20.12,4.0,1.46
5779,2023-03-24,17076.2,17109.45,16917.35,16945.05,19.97,3.97,1.47
5780,2023-03-27,16984.3,17091.0,16918.55,16985.7,20.01,3.98,1.47
5781,2023-03-28,17031.75,17061.75,16913.75,16951.7,19.97,3.97,1.47
5782,2023-03-29,16977.3,17126.15,16940.6,17080.7,20.13,4.0,1.46
5783,2023-03-31,17210.35,17381.6,17204.65,17359.75,20.44,4.06,1.44
5784,2023-04-03,17427.95,17428.05,17312.75,17398.05,20.48,4.07,1.43
5785,2023-04-05,17422.3,17570.55,17402.7,17557.05,20.67,4.11,1.41
5786,2023-04-06,17533.85,17638.7,17502.85,17599.15,20.72,4.12,1.41
5787,2023-04-10,17634.9,17694.1,17597.95,17624.05,20.75,4.13,1.41
5788,2023-04-11,17704.8,17748.75,17655.15,17722.3,20.86,4.15,1.40
5789,2023-04-12,17759.55,17825.75,17717.25,17812.4,20.97,4.17,1.39
5790,2023-04-13,17807.3,17842.15,17729.65,17828.0,20.99,4.17,1.40
5791,2023-04-17,17863.0,17863.0,17574.05,17706.85,20.82,4.14,1.41
5792,2023-04-18,17766.6,17766.6,17610.2,17660.15,20.65,4.13,1.41
5793,2023-04-19,17653.35,17666.15,17579.85,17618.75,20.6,4.12,1.42
5794,2023-04-20,17638.6,17684.45,17584.35,17624.45,20.61,4.13,1.42
5795,2023-04-21,17639.75,17663.2,17553.95,17624.05,20.61,4.13,1.42
5796,2023-04-24,17707.55,17754.5,17612.5,17743.4,20.74,4.15,1.41
5797,2023-04-25,17761.55,17807.45,17716.85,17769.25,20.56,4.16,1.41
5798,2023-04-26,17767.3,17827.75,17711.2,17813.6,20.59,4.17,1.40
5799,2023-04-27,17813.1,17931.6,17797.9,17915.05,20.7,4.19,1.39
5800,2023-04-28,17950.4,18089.15,17885.3,18065.0,20.87,4.23,1.38
5801,2023-05-02,18124.8,18180.25,18101.75,18147.65,20.92,4.25,1.38
5802,2023-05-03,18113.8,18116.35,18042.4,18089.85,21.33,4.23,1.38
5803,2023-05-04,18081.0,18267.45,18066.7,18255.8,21.85,4.27,1.37
5804,2023-05-05,18117.3,18216.95,18055.45,18069.0,21.62,4.23,1.38
5805,2023-05-08,18120.6,18286.95,18100.3,18264.4,21.77,4.28,1.37
5806,2023-05-09,18303.4,18344.2,18229.65,18265.95,21.77,4.28,1.37
5807,2023-05-10,18313.6,18326.75,18211.95,18315.1,21.88,4.29,1.36
5808,2023-05-11,18357.8,18389.7,18270.4,18297.0,21.86,4.28,1.36
5809,2023-05-12,18273.75,18342.75,18194.55,18314.8,21.82,4.29,1.28
5810,2023-05-15,18339.3,18458.9,18287.9,18398.85,21.92,4.31,1.27
5811,2023-05-16,18432.35,18432.35,18264.35,18286.5,21.59,4.28,1.48
5812,2023-05-17,18300.45,18309.0,18115.35,18181.75,21.47,4.26,1.49
5813,2023-05-18,18287.5,18297.2,18104.85,18129.95,21.39,4.24,1.50
5814,2023-05-19,18186.15,18218.1,18060.4,18203.4,21.48,4.26,1.50
5815,2023-05-22,18201.1,18335.25,18178.85,18314.4,21.36,4.29,1.49
5816,2023-05-23,18362.9,18419.75,18324.2,18348.0,21.41,4.29,1.49
5817,2023-05-24,18294.8,18392.6,18262.95,18285.4,21.24,4.28,1.49
5818,2023-05-25,18268.9,18338.1,18202.4,18321.15,21.28,4.29,1.43
5819,2023-05-26,18368.35,18508.55,18333.15,18499.35,21.54,4.33,1.34
5820,2023-05-29,18619.15,18641.2,18581.25,18598.65,21.65,4.35,1.34
5821,2023-05-30,18606.65,18662.45,18575.5,18633.85,21.7,4.36,1.44
5822,2023-05-31,18594.2,18603.9,18483.85,18534.4,21.59,4.33,1.36
5823,2023-06-01,18579.4,18580.3,18464.55,18487.75,21.53,4.32,1.36
5824,2023-06-02,18550.85,18573.7,18478.4,18534.1,21.58,4.33,1.45
5825,2023-06-05,18612.0,18640.15,18582.8,18593.85,21.65,4.35,1.44
5826,2023-06-06,18600.8,18622.75,18531.6,18599.0,21.66,4.35,1.44
5827,2023-06-07,18665.6,18738.95,18636.0,18726.4,21.81,4.38,1.43
5828,2023-06-08,18725.35,18777.9,18615.6,18634.55,21.7,4.36,1.44
5829,2023-06-09,18655.9,18676.65,18555.4,18563.4,21.62,4.34,1.45
5830,2023-06-12,18595.05,18633.6,18559.75,18601.5,21.66,4.35,1.44
5831,2023-06-13,18631.8,18728.9,18631.8,18716.15,21.79,4.37,1.43
5832,2023-06-14,18744.6,18769.7,18690.0,18755.9,21.84,4.38,1.43
5833,2023-06-15,18774.45,18794.1,18669.05,18688.1,21.76,4.37,1.39
5834,2023-06-16,18723.3,18864.7,18710.5,18826.0,21.92,4.4,1.39
5835,2023-06-19,18873.3,18881.45,18719.15,18755.45,21.84,4.38,1.42
5836,2023-06-20,18752.35,18839.7,18660.65,18816.7,21.91,4.4,1.40
5837,2023-06-21,18849.4,18875.9,18794.85,18856.85,21.96,4.41,1.40
5838,2023-06-22,18853.6,18886.6,18759.5,18771.25,21.85,4.39,1.44
5839,2023-06-23,18741.85,18756.4,18647.1,18665.5,21.73,4.36,1.45
5840,2023-06-26,18682.35,18722.05,18646.7,18691.2,21.76,4.37,1.45
5841,2023-06-27,18748.55,18829.25,18714.25,18817.4,21.9,4.4,1.44
5842,2023-06-28,18908.15,19011.25,18861.35,18972.1,22.08,4.43,1.43
5843,2023-06-30,19076.85,19201.7,19024.6,19189.05,22.36,4.5,1.41
5844,2023-07-03,19246.5,19345.1,19234.4,19322.55,22.51,4.53,1.40
5845,2023-07-04,19406.6,19434.15,19300.0,19389.0,22.59,4.54,1.38
5846,2023-07-05,19405.95,19421.6,19339.6,19398.5,22.6,4.55,1.38
5847,2023-07-06,19385.7,19512.2,19373.0,19497.3,22.72,4.57,1.37
5848,2023-07-07,19422.8,19523.6,19303.6,19331.8,22.52,4.53,1.39
5849,2023-07-10,19400.35,19435.85,19327.1,19355.9,22.55,4.54,1.38
5850,2023-07-11,19427.1,19515.1,19406.45,19439.4,22.65,4.56,1.38
5851,2023-07-12,19497.45,19507.7,19361.75,19384.3,22.58,4.54,1.38
5852,2023-07-13,19495.2,19567.0,19385.8,19413.75,23.81,4.74,1.32
5853,2023-07-14,19493.45,19595.35,19433.5,19564.5,23.96,4.78,1.30
5854,2023-07-17,19612.15,19731.85,19562.95,19711.45,24.14,4.82,1.29
5855,2023-07-18,19787.5,19819.45,19690.2,19749.25,24.18,4.83,1.28
5856,2023-07-19,19802.95,19851.7,19727.45,19833.15,24.09,4.85,1.27
5857,2023-07-20,19831.7,19991.85,19758.4,19979.15,24.24,4.88,1.28
5858,2023-07-21,19800.45,19887.4,19700.0,19745.0,23.95,4.82,1.27
5859,2023-07-24,19748.45,19782.75,19658.3,19672.35,23.83,4.81,1.28
5860,2023-07-25,19729.35,19729.35,19615.95,19680.6,23.55,4.81,1.28
5861,2023-07-26,19733.35,19825.6,19716.7,19778.3,23.97,4.83,1.27
5862,2023-07-27,19850.9,19867.55,19603.55,19659.9,23.83,4.8,1.28
5863,2023-07-28,19659.75,19695.9,19563.1,19646.05,22.91,4.8,1.29
5864,2023-07-31,19666.35,19772.75,19597.6,19753.8,23.01,4.83,1.28
5865,2023-08-01,19784.0,19795.6,19704.6,19733.55,22.96,4.82,1.28
5866,2023-08-02,19655.4,19678.25,19423.55,19526.55,22.72,4.73,1.33
5867,2023-08-03,19463.75,19537.65,19296.45,19381.65,22.55,4.69,1.35
5868,2023-08-04,19462.8,19538.85,19436.45,19517.0,22.71,4.72,1.34
5869,2023-08-07,19576.85,19620.45,19524.8,19597.3,22.83,4.74,1.34
5870,2023-08-08,19627.2,19634.4,19533.1,19570.85,22.73,4.73,1.31
5871,2023-08-09,19578.8,19645.5,19467.5,19632.55,22.81,4.75,1.37
5872,2023-08-10,19605.55,19623.6,19495.4,19543.1,22.77,4.73,1.36
5873,2023-08-11,19554.25,19557.75,19412.75,19428.3,22.63,4.7,1.38
5874,2023-08-14,19383.95,19465.85,19257.9,19434.55,22.64,4.7,1.39
5875,2023-08-16,19369.0,19482.75,19317.2,19465.0,22.52,4.68,1.39
5876,2023-08-17,19450.55,19461.55,19326.25,19365.25,22.39,4.66,1.39
5877,2023-08-18,19301.75,19373.8,19253.6,19310.15,22.32,4.64,1.36
5878,2023-08-21,19320.65,19425.95,19296.3,19393.6,22.42,4.66,1.37
5879,2023-08-22,19417.1,19443.5,19381.3,19396.45,22.13,4.55,1.37
5880,2023-08-23,19439.2,19472.05,19366.6,19444.0,22.19,4.56,1.37
5881,2023-08-24,19535.15,19584.45,19369.0,19386.7,22.12,4.47,1.37
5882,2023-08-25,19297.4,19339.55,19229.7,19265.8,21.98,4.44,1.38
5883,2023-08-28,19298.35,19366.85,19249.7,19306.05,22.03,4.43,1.38
5884,2023-08-29,19374.85,19377.9,19309.1,19342.65,22.07,4.42,1.38
5885,2023-08-30,19433.45,19452.8,19334.75,19347.45,22.07,4.42,1.38
5886,2023-08-31,19375.55,19388.2,19223.65,19253.8,21.97,4.4,1.38
5887,2023-09-01,19258.15,19458.55,19255.7,19435.3,22.17,4.44,1.37
5888,2023-09-04,19525.05,19545.15,19432.85,19528.8,22.28,4.46,1.36
5889,2023-09-05,19564.65,19587.05,19525.75,19574.9,22.33,4.46,1.36
5890,2023-09-06,19581.2,19636.45,19491.5,19611.05,22.37,4.43,1.36
5891,2023-09-07,19598.65,19737.0,19550.05,19727.05,22.28,4.41,1.36
5892,2023-09-08,19774.8,19867.15,19728.05,19819.95,22.39,4.43,1.36
5893,2023-09-11,19890.0,20008.15,19865.35,19996.35,22.59,4.46,1.35
5894,2023-09-12,20110.15,20110.35,19914.65,19993.2,22.58,4.44,1.35
5895,2023-09-13,19989.5,20096.9,19944.1,20070.0,22.67,4.46,1.34
5896,2023-09-14,20127.95,20167.65,20043.45,20103.1,22.71,4.47,1.34
5897,2023-09-15,20156.45,20222.45,20129.7,20192.35,22.81,4.47,1.33
5898,2023-09-18,20155.95,20195.35,20115.7,20133.3,22.74,4.46,1.34
5899,2023-09-20,19980.75,20050.65,19878.85,19901.4,22.48,4.41,1.35
5900,2023-09-21,19840.55,19848.75,19709.95,19742.35,22.3,4.37,1.36
5901,2023-09-22,19744.85,19798.65,19657.5,19674.25,22.22,4.36,1.37
5902,2023-09-25,19678.2,19734.15,19601.55,19674.55,22.22,4.36,1.37
5903,2023-09-26,19682.8,19699.35,19637.45,19664.7,22.21,4.35,1.37
5904,2023-09-27,19637.05,19730.7,19554.0,19716.45,22.27,4.36,1.36
5905,2023-09-28,19761.8,19766.65,19492.1,19523.55,22.05,4.31,1.38
5906,2023-09-29,19581.2,19726.25,19551.05,19638.3,22.21,3.45,1.37
5907,2023-10-03,19622.4,19623.2,19479.65,19528.75,22.09,3.43,1.38
5908,2023-10-04,19446.3,19457.8,19333.6,19436.1,21.98,3.41,1.38
5909,2023-10-05,19521.85,19576.95,19487.3,19545.75,22.11,3.43,1.37
5910,2023-10-06,19621.2,19675.75,19589.4,19653.5,22.23,3.45,1.37
5911,2023-10-09,19539.45,19588.95,19480.5,19512.35,22.07,3.42,1.38
5912,2023-10-10,19565.6,19717.8,19565.45,19689.85,22.27,3.46,1.36
5913,2023-10-11,19767.0,19839.2,19756.95,19811.35,22.41,3.48,1.36
5914,2023-10-12,19822.7,19843.3,19772.65,19794.0,22.39,3.47,1.36
5915,2023-10-13,19654.55,19805.4,19635.3,19751.05,22.33,3.47,1.36
5916,2023-10-16,19737.25,19781.3,19691.85,19731.75,22.29,3.46,1.36
5917,2023-10-17,19843.2,19849.75,19775.65,19811.5,22.38,3.48,1.35
5918,2023-10-18,19820.45,19840.95,19659.95,19671.1,21.87,3.45,1.36
5919,2023-10-19,19545.2,19681.8,19512.35,19624.7,21.77,3.44,1.36
5920,2023-10-20,19542.15,19593.8,19518.7,19542.65,21.68,3.43,1.38
5921,2023-10-23,19521.6,19556.85,19257.85,19281.75,21.36,3.38,1.4
5922,2023-10-25,19286.45,19347.3,19074.15,19122.15,20.92,3.36,1.48
5923,2023-10-26,19027.25,19041.7,18837.85,18857.25,20.63,3.31,1.51
5924,2023-10-27,18928.75,19076.15,18926.65,19047.25,20.84,3.34,1.42
5925,2023-10-30,19053.4,19158.5,18940.0,19140.9,20.9,3.36,1.41
5926,2023-10-31,19232.95,19233.7,19056.45,19079.6,20.45,3.35,1.41
5927,2023-11-01,19064.05,19096.05,18973.7,18989.15,20.4,3.33,1.41
5928,2023-11-02,19120.0,19175.25,19064.15,19133.25,20.77,3.36,1.42
5929,2023-11-03,19241.0,19276.25,19210.9,19230.6,20.88,3.37,1.43
5930,2023-11-06,19345.85,19423.0,19309.7,19411.75,20.96,3.41,1.42
5931,2023-11-07,19404.05,19423.5,19329.1,19406.7,20.92,3.41,1.42
5932,2023-11-08,19449.6,19464.4,19401.5,19443.5,20.97,3.41,1.42
5933,2023-11-09,19457.4,19463.9,19378.35,19395.3,20.91,3.4,1.41
5934,2023-11-10,19351.85,19451.3,19329.45,19425.35,20.95,3.41,1.4
5935,2023-11-12,19547.25,19547.25,19510.25,19525.55,21.05,3.43,1.4
5936,2023-11-13,19486.75,19494.4,19414.75,19443.55,20.96,3.41,1.4
5937,2023-11-15,19651.4,19693.2,19579.65,19675.45,21.05,3.45,1.33
5938,2023-11-16,19674.7,19875.25,19627.0,19765.2,21.13,3.47,1.34
5939,2023-11-17,19674.75,19806.0,19667.45,19731.8,21.1,3.46,1.34
5940,2023-11-20,19731.15,19756.45,19670.5,19694.0,21.06,3.46,1.35
5941,2023-11-21,19770.9,19829.1,19754.05,19783.4,21.14,3.47,1.38
5942,2023-11-22,19784.0,19825.55,19703.85,19811.85,21.17,3.47,1.38
5943,2023-11-23,19828.45,19875.15,19786.75,19802.0,21.16,3.47,1.38
5944,2023-11-24,19809.6,19832.85,19768.85,19794.7,21.15,3.47,1.38
5945,2023-11-28,19844.65,19916.85,19800.0,19889.7,21.26,3.49,1.37
5946,2023-11-29,19976.55,20104.65,19956.3,20096.6,21.48,3.52,1.36
5947,2023-11-30,20108.5,20158.7,20015.85,20133.15,21.52,3.53,1.35
5948,2023-12-01,20194.1,20291.55,20183.7,20267.9,21.66,3.55,1.34
5949,2023-12-04,20601.95,20702.65,20507.75,20686.8,22.11,3.63,1.32
5950,2023-12-05,20808.9,20864.05,20711.15,20855.1,22.29,3.66,1.31
5951,2023-12-06,20950.75,20961.95,20852.15,20937.7,22.38,3.67,1.3
5952,2023-12-07,20932.4,20941.25,20850.8,20901.15,22.34,3.67,1.3
5953,2023-12-08,20934.1,21006.1,20862.7,20969.4,22.41,3.68,1.3
5954,2023-12-11,20965.3,21026.1,20923.7,20997.1,22.44,3.68,1.3
5955,2023-12-12,21018.55,21037.9,20867.15,20906.4,22.34,3.67,1.33
5956,2023-12-13,20929.75,20950.0,20769.5,20926.35,22.36,3.67,1.32
5957,2023-12-14,21110.4,21210.9,21074.45,21182.7,22.63,3.71,1.31
5958,2023-12-15,21287.45,21492.3,21235.3,21456.65,22.92,3.76,1.29
5959,2023-12-18,21434.8,21482.8,21365.35,21418.65,22.88,3.76,1.29
5960,2023-12-19,21477.65,21505.05,21337.75,21453.1,22.92,3.76,1.29
5961,2023-12-20,21543.5,21593.0,21087.35,21150.15,22.6,3.71,1.31
5962,2023-12-21,21033.95,21288.35,20976.8,21255.05,22.71,3.73,1.3
5963,2023-12-22,21295.85,21390.5,21232.45,21349.4,22.81,3.74,1.3
5964,2023-12-26,21365.2,21477.15,21329.45,21441.35,22.91,3.76,1.29
5965,2023-12-27,21497.65,21675.75,21495.8,21654.75,23.14,3.8,1.28
5966,2023-12-28,21715.0,21801.45,21678.0,21778.7,23.27,3.82,1.27
5967,2023-12-29,21737.65,21770.3,21676.9,21731.4,23.17,3.81,1.28
5968,2024-01-01,21727.75,21834.35,21680.85,21741.9,23.18,3.81,1.28
5969,2024-01-02,21751.35,21755.6,21555.65,21665.8,23.1,3.79,1.28
